"COMUNE","AVC_dist","ELI","PGR","UIS","ELL","PDI","ER"
"Accadia",1.77487804178391,1.52042054573152,-0.6308137975195,0.873789207336098,-0.480597297496943,0.981885749654674,0.116800005598232
"Alberona",1.04347029306697,1.85366340506994,-0.571265084005123,-0.814437487592514,0.405752842877661,-0.234425667146559,-0.528523176324102
"Anzano di Puglia",2.28686346588577,-1.81200804765264,-7.59452619187425,-1.23649416132467,0.409017484278672,-0.578633523873982,-0.578163421087358
"Apricena",-0.41934520436691,0.187449108377859,-0.850500267646866,0.451732533603945,0.753437152085378,0.142879098881579,-0.990177452622387
"Ascoli Satriano",0.458344094093418,-0.812279469637389,-0.115261421958088,0.029675859871792,1.17947285491737,-0.629933733290089,0.511439951466122
"Biccari",0.750907193580194,0.520691967716275,0.136881779409096,0.662760870470022,-0.219425985416029,1.11261854139249,-0.0172286552625603
"Bovino",0.897188743323582,0.187449108377859,-0.955112872469421,0.451732533603945,-2.17821082602289,2.38850439493501,1.27093569634394
"Cagnano Varano",1.55545571716883,1.18717768639311,-2.05515464779583,-0.603409150726438,1.17131125141484,1.29465154254642,-1.53373813278004
"Candela",0.897188743323582,-0.812279469637389,0.179531533682907,-0.392380813860361,-0.270027927131705,-1.9935263964795,-0.493775004989823
"Carapelle",-0.199922879751828,-1.81200804765264,0.726735928139348,-1.23649416132467,2.34168519367744,-1.23229748256308,-1.74719118526205
"Carlantino",2.65256734024424,1.52042054573152,-3.22198754773971,-0.603409150726438,1.07010736798349,0.270302199689327,-2.22125552275115
"Carpino",2.06744114127069,0.853934827054691,-0.135110993129547,-0.814437487592514,1.81934256951561,-0.202983603310881,-1.01747958724218
"Casalnuovo Monterotaro",0.531484868965112,0.520691967716275,-1.46825111099647,0.240704196737869,-0.198205816309454,1.85895384612359,0.0423396384533479
"Casalvecchio di Puglia",0.385203319221724,0.853934827054691,-0.997494389294969,-0.603409150726438,1.08969521638956,0.654226347577606,-0.141329267170701
"Castelluccio dei Sauri",0.238921769478336,1.85366340506994,-0.206998629264021,-0.181352476994285,0.560823309425704,-1.40109171999672,0.136656103503536
"Castelluccio Valmaggiore",1.04347029306697,-0.145793750960557,0.0223443890008112,-0.814437487592514,0.568984912928233,-0.307238867608129,0.0944618954547674
"Castelnuovo della Daunia",0.458344094093418,-1.47876518831422,-1.26734126224751,0.029675859871792,-0.0725171223705134,0.801507593965783,0.0448216506915102
"Celenza Valfortore",2.36000424075746,0.187449108377859,-1.65601732478054,0.029675859871792,0.283328790339733,4.29985090705123,-1.70499697721328
"Celle di San Vito",1.99430036639899,-4.47795092235997,1.20983157246094,-1.44752249819074,1.68222763067313,1.9615542649558,-3.29844883411381
"Cerignola",-1.58959760231401,0.520691967716275,-0.6959954974474,-0.181352476994285,1.65447817876453,-1.42756924743729,-0.90578903652485
"Chieuti",1.04347029306697,1.52042054573152,-0.706724995377918,-1.02546582445859,1.09785681989208,0.649261811182499,-0.749422265520592
"Deliceto",1.04347029306697,0.520691967716275,-0.422125062770916,0.029675859871792,-0.309203623943843,-0.0573572023877407,0.945792093144615
"Faeto",1.99430036639899,0.187449108377859,0.625610410144212,0.451732533603945,0.898713694430387,-2.33111487134678,-1.38481739849027
"Foggia",-1.58959760231401,-0.812279469637389,0.279584101884991,0.451732533603945,-0.895206755425396,-0.274141958307417,0.015037503833557
"Ischitella",2.50628579050085,1.18717768639311,0.40082742849985,-0.181352476994285,1.47002593960739,0.275266736084434,-1.80179545450163
"Lesina",0.0926402197349483,1.18717768639311,0.865146451443036,0.451732533603945,0.386164994471592,-0.0507378205275969,-1.01996159948034
"Lucera",-0.273063654623522,0.853934827054691,-0.969597694675621,0.240704196737869,-0.350011641456486,-0.623314351429947,-0.704746045233661
"Manfredonia",0.970329518195276,0.187449108377859,-0.263864968295769,-0.603409150726438,0.0172605161573005,-0.179815766800381,-0.950465256811781
"Mattinata",1.48231494229713,-1.14552232897581,-0.753398311375674,-0.603409150726438,0.227829886522538,0.685668411413286,-2.42229851404233
"Monteleone di Puglia",2.28686346588577,1.52042054573152,-0.018427703135159,-0.392380813860361,0.240888452126583,-0.603456205849518,0.223526531839233
"Monte Sant'Angelo",2.36000424075746,-0.145793750960557,-1.31669695272789,-1.23649416132467,-0.322262189547888,0.965337295004318,-0.496257017227985
"Motta Montecorvino",0.6777664187085,-0.145793750960557,-0.0304983883069922,-0.181352476994285,-1.62975107065297,2.17337448448037,0.695108857090171
"Orsara di Puglia",1.04347029306697,0.853934827054691,-1.23515276845595,-1.44752249819074,0.144581530796747,0.56486469246568,-0.178559450743143
"Orta Nova",-0.126782104880134,0.853934827054691,-0.549537850695823,-0.814437487592514,1.25782424854165,-1.17106820035676,-0.602983543468986
"Panni",1.77487804178391,-1.14552232897581,0.870242962960033,-0.181352476994285,-0.168824043700351,0.872665948962319,1.67550369116448
"Peschici",3.82281973819134,-0.479036610298973,0.673624913383282,1.92893089166648,1.53531876762762,-1.13962613652108,-3.5665061558354
"Pietramontecorvino",0.750907193580194,0.853934827054691,-0.453777081665946,0.662760870470022,0.131522965192701,1.21356411475967,0.707518918280984
"Poggio Imperiale",0.0194994448632544,0.520691967716275,-0.83816134502677,-1.44752249819074,0.613057571841887,1.92845735565509,-1.99787442131649
"Rignano Garganico",0.897188743323582,1.52042054573152,-2.00660366966023,-1.65855083505682,0.839950149212181,0.943824303958852,-0.841256718332618
"Rocchetta Sant'Antonio",1.48231494229713,1.18717768639311,-0.890199409989784,-0.181352476994285,-0.673211140156617,-0.706056624681732,1.09719483967255
"Rodi Garganico",2.72570811511593,-2.47849376632947,-0.540417777454882,1.7179025548004,1.08479825428804,-0.489271868762056,-2.34783814689745
"Roseto Valfortore",2.14058191614238,1.52042054573152,-2.43310121239834,-0.814437487592514,2.11805725770816,1.99630601972155,-0.617875616897964
"San Giovanni Rotondo",1.33603339255375,0.187449108377859,-0.0546397586506588,-0.392380813860361,-1.65913284326207,-0.950973753507013,1.1468350844358
"San Marco in Lamis",0.31206254435003,1.18717768639311,-1.79255018594639,-1.65855083505682,-0.418569110877726,0.0766852802801507,-0.396976527701472
"San Marco la Catola",1.77487804178391,0.187449108377859,-1.06509022625724,-1.65855083505682,0.87096424252179,1.01001812256028,-1.67273081811716
"San Nicandro Garganico",0.824047968451888,0.520691967716275,-1.07555148673949,-1.23649416132467,0.547764743821658,1.85564415519352,-2.29323387765787
"San Paolo di Civitate",-0.41934520436691,0.520691967716275,-0.403080203944246,-1.23649416132467,1.68549227207414,-0.750737452237695,-1.350069227156
"San Severo",-1.58959760231401,0.520691967716275,-1.46530049906557,0.662760870470022,1.11091538549613,-0.386671449929842,-1.3227670925362
"Sant'Agata di Puglia",1.48231494229713,-0.479036610298973,-0.597552353934893,-1.23649416132467,-0.756459495882409,1.67361115403959,1.90881284155179
"Serracapriola",0.824047968451888,1.52042054573152,-0.150668765128799,-1.02546582445859,1.58102374724178,-0.226151439821381,-1.09193995438706
"Stornara",-0.346204429495216,-1.47876518831422,2.09957518834919,-1.44752249819074,2.77098553791044,-1.31503975581486,-0.732048179853452
"Stornarella",-0.126782104880134,0.187449108377859,0.600664327455756,-1.23649416132467,1.2153839103285,-0.866576634790194,-0.0470128021205136
"Torremaggiore",-0.492485979238604,0.853934827054691,0.0054454297602446,0.240704196737869,0.771392679790941,-0.530643005387948,-0.444134760226566
"Troia",0.0926402197349483,1.18717768639311,-0.639397395863915,0.240704196737869,-1.41428473818621,0.358009009336219,0.379893302843492
"Vico del Gargano",2.87198966485932,0.187449108377859,-0.39530131794462,0.873789207336098,1.1321355546027,0.111437035045899,-2.21380948603666
"Vieste",5.06621291101014,-1.81200804765264,0.0628482436885184,1.92893089166648,0.608160609740369,-1.39447233813658,-2.85913266795899
"Volturara Appula",1.33603339255375,1.52042054573152,0.531995540700438,-0.181352476994285,-0.224322947517545,2.81214483398415,-2.02517655593628
"Volturino",0.750907193580194,0.520691967716275,-0.103458974234518,-0.814437487592514,-0.229219909619062,2.27762974877762,0.697590869328333
"Ordona",0.165780994606642,-0.145793750960557,1.05774093929584,-1.44752249819074,2.03807354338338,-0.451210423066234,0.0423396384533479
"Zapponeta",0.385203319221724,0.520691967716275,-0.746424137720837,-1.8695791719229,2.96849634267164,-1.66255730347236,-1.96560826222038
"Acquaviva delle Fonti",-0.41934520436691,-1.14552232897581,0.072504791825985,1.08481754420218,-1.60036929804387,-0.196364221450739,1.03762654595664
"Adelfia",-0.638767528981992,-0.145793750960557,0.0620435313437295,-0.603409150726438,-0.676475781557629,-1.09494530896512,0.57100824518203
"Alberobello",-0.273063654623522,-1.14552232897581,0.149757176925718,2.13995922853256,-1.03721865636939,0.262027972364149,2.45237352170945
"Altamura",-1.58959760231401,-0.479036610298973,0.203941141474836,1.50687421793433,-0.00395965294927424,-1.25546531907358,1.08974880295806
"Bari",-1.58959760231401,-1.81200804765264,1.41717911996821,1.50687421793433,-1.24125874393261,-0.0954186480835622,1.33050399005985
"Binetto",-1.15075295308385,-1.14552232897581,-0.107750773406725,-0.603409150726438,-1.17923055731339,-1.04033540861894,0.248346654220862
"Bitetto",-1.00447140334046,-0.145793750960557,0.411020451533843,-1.23649416132467,-1.31961013755688,-0.902983235020979,1.76733814397651
"Bitonto",-1.58959760231401,0.520691967716275,-0.800608102269955,0.240704196737869,0.291490393842261,-1.32000429220997,-0.0966530468837707
"Bitritto",-0.346204429495216,0.187449108377859,1.21465984652968,0.240704196737869,-1.52201790441959,-1.83466123183607,1.81946040097793
"Capurso",-1.58959760231401,-1.47876518831422,0.510536544839401,0.662760870470022,-0.304306661842325,-0.580288369339019,0.995432337907871
"Casamassima",-0.711908303853686,-0.479036610298973,0.797818851929033,0.662760870470022,-0.544257804816666,-1.4788694568534,0.987986301193384
"Cassano delle Murge",-0.126782104880134,0.187449108377859,2.33428295557928,-0.603409150726438,-0.828281606704661,-1.16941335489172,0.628094526659774
"Castellana Grotte",-0.492485979238604,-0.812279469637389,1.12748267584421,1.7179025548004,-0.890309793323878,-0.901328389555942,2.17935217551154
"Cellamare",-1.00447140334046,-0.812279469637389,-0.459946542975994,-1.65855083505682,-0.286351134136763,-2.63229674598328,1.43474850406269
"Conversano",-1.58959760231401,-1.14552232897581,1.15403818322225,1.29584588106825,-1.18739216081592,-0.717640542936981,1.56381314044716
"Corato",-0.346204429495216,-1.14552232897581,0.474056251875639,0.662760870470022,-0.24554311662412,-1.11149376361547,0.208634458410257
"Gioia del Colle",-1.58959760231401,-0.479036610298973,0.301579572642554,0.662760870470022,-0.888677472623372,0.260373126899112,1.16172715786478
"Giovinazzo",-0.711908303853686,-0.479036610298973,0.0121513659668186,-0.814437487592514,-1.8958193448354,-0.0573572023877407,1.2337055127715
"Gravina in Puglia",-0.126782104880134,-0.812279469637389,-0.350505664084705,0.662760870470022,-0.173721005801869,-1.16775850942669,0.563562208467541
"Grumo Appula",-0.858189853597074,-1.14552232897581,-0.534516553593097,-1.44752249819074,0.358415542562995,-1.32000429220997,-0.392012503225146
"Locorotondo",-1.00447140334046,-0.812279469637389,1.13231094991295,1.92893089166648,0.156007775700287,-0.32213247679345,1.66557564221183
"Modugno",-0.78504907872538,-3.81146520368313,-1.0001767637776,1.50687421793433,-0.412039828075703,-0.140099475639525,1.04259057043297
"Mola di Bari",-0.492485979238604,-0.812279469637389,-0.270570904502343,-1.02546582445859,-1.08618827738456,-0.209602985171025,-0.401940552177797
"Molfetta",-1.58959760231401,-2.47849376632947,0.367834222363506,0.029675859871792,-1.19718608501895,0.449025509913181,0.960684166573591
"Monopoli",-0.711908303853686,-0.479036610298973,0.543261513527483,1.50687421793433,-0.82501696530365,-0.896363853160835,1.25356161067681
"Noci",-1.58959760231401,-0.812279469637389,0.271536978437103,1.92893089166648,-1.09924684298861,-0.495891250622197,1.9485250373624
"Noicattaro",-0.931330628468768,-1.14552232897581,0.696425096485634,-0.603409150726438,-0.207999740512489,-1.55002781184993,1.26845368410578
"Palo del Colle",-1.58959760231401,-1.14552232897581,-0.624644336209452,-1.23649416132467,0.575514195730256,-1.20912964605258,-0.126437193741724
"Poggiorsini",0.897188743323582,-0.145793750960557,-1.54818587057883,-0.392380813860361,-0.111692819182651,-1.26539439186379,0.230972568553722
"Polignano a Mare",-1.58959760231401,-1.47876518831422,1.17361951694544,1.50687421793433,-0.358173244959014,-1.09825499989519,1.31809392886904
"Putignano",-0.858189853597074,-0.812279469637389,0.251150932369117,1.7179025548004,-0.7825766270905,0.00718177074865136,1.93363296393342
"Rutigliano",-0.638767528981992,-2.47849376632947,0.731295964759819,-0.603409150726438,0.214771320918492,-1.1263873728008,0.856439652570754
"Ruvo di Puglia",-0.126782104880134,-0.479036610298973,-0.0490067722371366,0.240704196737869,-0.309203623943843,-0.211257830636059,0.702554893804658
"Sammichele di Bari",-0.711908303853686,-0.479036610298973,-0.30383234808695,0.029675859871792,-1.90234862763742,1.23011256941003,1.53651100582737
"Sannicandro di Bari",-0.346204429495216,-0.479036610298973,0.286021800643302,-1.02546582445859,-0.353276282857498,-1.49707275696879,-0.136365242694375
"Santeramo in Colle",-0.199922879751828,-0.812279469637389,0.0357562614139592,0.029675859871792,-0.271660247832212,-0.669650024450947,0.625612514421612
"Terlizzi",-0.492485979238604,0.187449108377859,-0.219069314435854,-0.392380813860361,-0.389187338268623,-1.24057170988826,0.248346654220862
"Toritto",-0.78504907872538,-0.145793750960557,-0.58548166876306,-1.23649416132467,0.093979589081069,-0.936080144321693,-0.498739029466147
"Triggiano",-1.00447140334046,-1.14552232897581,-0.509838708352905,-0.181352476994285,-0.847869455110729,-1.02709664489866,1.02521648476583
"Turi",-0.565626754110298,-1.47876518831422,2.30692273585646,-0.603409150726438,-1.00293992165877,-0.808657043513943,0.767087211996892
"Valenzano",-1.15075295308385,-1.14552232897581,-0.144767541267014,-0.603409150726438,-1.33266870316093,-0.950973753507013,1.13442502324499
"Avetrana",0.970329518195276,0.853934827054691,-0.916218442471291,-0.392380813860361,1.12070930969916,0.652571502112572,-1.53870215725637
"Carosino",0.165780994606642,0.520691967716275,0.185969232441218,-1.65855083505682,-0.715651478369767,-0.811966734444016,0.558598183991215
"Castellaneta",0.0194994448632544,0.853934827054691,0.37185778408745,-0.181352476994285,-0.73687164747634,-0.10369287540874,0.50151190251347
"Crispiano",-0.0536413300084396,0.187449108377859,-0.0554444709954477,-0.814437487592514,0.276799507537709,0.439096437122967,0.414641474177771
"Faggiano",0.31206254435003,-1.47876518831422,0.010005466380715,-0.814437487592514,1.9025909252414,-0.66468548805584,-0.669997873899381
"Fragagnano",0.458344094093418,0.187449108377859,-0.46960309111346,-0.814437487592514,0.712629134572735,0.80647213036089,-0.213307622077423
"Ginosa",1.33603339255375,-0.145793750960557,0.244444996162543,-0.814437487592514,0.0515392508679207,-0.759011679562873,0.0671597608349765
"Grottaglie",-0.126782104880134,-1.14552232897581,-0.261450831261402,-0.603409150726438,0.107038154685114,-0.696127551891517,0.297986898984119
"Laterza",0.6777664187085,-0.479036610298973,0.252760357058695,-0.603409150726438,-0.196573495608949,0.106472498650794,0.958202154335429
"Leporano",0.750907193580194,-0.479036610298973,1.42254386893347,-1.8695791719229,-0.893574434724889,-1.24057170988826,0.533778061609586
"Lizzano",0.970329518195276,1.18717768639311,-0.281032164984598,-1.65855083505682,2.04786746758641,-0.649791878870518,-1.38233538625211
"Manduria",0.385203319221724,1.18717768639311,0.234251973128551,0.240704196737869,0.446560860390304,0.0882691985354017,-0.982731415907898
"Martina Franca",-1.58959760231401,-0.145793750960557,0.261075717954847,1.50687421793433,-0.278189530634235,-0.34530031330395,1.25604362291497
"Maruggio",1.04347029306697,1.18717768639311,1.09824479398355,0.240704196737869,0.185389548309389,0.520183864909717,-0.918199097715664
"Massafra",-0.126782104880134,-0.479036610298973,0.577864144353405,-0.392380813860361,0.72242305877577,-1.07177747245462,0.134174091265372
"Monteiasi",-0.273063654623522,0.520691967716275,0.28038881422978,-1.8695791719229,0.433502294786258,-0.135134939244418,0.250828666459024
"Montemesola",-0.126782104880134,-1.81200804765264,-1.7866489620846,-1.65855083505682,1.14519412020675,0.230585908528471,-0.828846657141802
"Monteparano",0.385203319221724,1.18717768639311,0.51402363166682,-1.8695791719229,0.681615041263127,0.842878730591675,-0.727084155377127
"Mottola",-0.126782104880134,1.18717768639311,0.147611277339614,-0.603409150726438,0.444928539689798,-0.102038029943704,0.642986600088751
"Palagianello",0.238921769478336,0.520691967716275,0.0124196034150816,-1.65855083505682,1.03256399187186,-0.621659505964911,-0.109063108074584
"Palagiano",-0.0536413300084396,0.520691967716275,0.52850845387302,-1.02546582445859,0.606528289039864,-0.648137033405481,0.588382330849168
"Pulsano",0.6777664187085,0.187449108377859,1.34797385831637,-0.603409150726438,0.395958918674627,-0.204638448775917,-0.471436894846356
"Roccaforzata",0.385203319221724,1.85366340506994,0.689450922830797,-1.8695791719229,1.65774282016555,-0.686198479101303,-0.722120130900801
"San Giorgio Ionico",0.0926402197349483,-0.145793750960557,-1.84539296325419,-1.02546582445859,-0.523037635710092,-0.212912676101095,0.0820518342639522
"San Marzano di San Giuseppe",0.0926402197349483,0.187449108377859,-0.25581784484788,-1.65855083505682,1.93850198065253,-0.800382816188765,0.106871956645581
"Sava",0.238921769478336,0.187449108377859,-0.452972369321157,-0.181352476994285,1.17620821351636,0.708836247923786,-1.28801892120192
"Taranto",-1.58959760231401,-2.14525090699105,0.163973761683655,-0.603409150726438,-0.382658055466601,0.432477055262825,-0.367192380843517
"Torricella",0.970329518195276,1.52042054573152,1.38043058955619,-1.02546582445859,1.53695108832812,0.0121463071437586,-1.07456586871992
"Statte",-0.346204429495216,-0.812279469637389,-1.53933403478615,-1.8695791719229,1.82097489021612,1.08117647755682,-1.28057288448744
"Brindisi",-1.58959760231401,-1.47876518831422,-0.545782526420141,-0.392380813860361,-0.74829789237988,0.0187656890039024,0.00510945488090592
"Carovigno",0.0926402197349483,0.187449108377859,2.05209716000664,0.029675859871792,0.960741881049605,-1.29518161023444,-0.223235671030074
"Ceglie Messapica",-0.0536413300084396,0.853934827054691,-0.060540982512444,0.240704196737869,0.755069472785885,-0.207948139705988,-0.0643868877876534
"Cellino San Marco",0.0926402197349483,-0.145793750960557,-0.26762029257145,-0.814437487592514,0.105405833984609,0.861082030707067,-0.364710368605355
"Cisternino",-0.78504907872538,-0.479036610298973,0.806134212825185,1.29584588106825,-0.963764224846635,0.652571502112572,1.86413662126486
"Erchie",-0.126782104880134,1.52042054573152,-0.771370220409292,-0.814437487592514,1.56470054023672,-1.3630302743009,-0.657587812708568
"Fasano",-0.199922879751828,-0.479036610298973,0.861122889719092,1.29584588106825,0.376371070268559,-1.26208470093372,0.980540264478895
"Francavilla Fontana",-0.565626754110298,0.520691967716275,-0.298735836569954,0.029675859871792,0.931360108440502,-0.56043022375859,0.377411290605329
"Latiano",-1.58959760231401,0.187449108377859,-0.770833745512766,-0.392380813860361,1.11581234759765,-0.730879306657266,0.154030189170674
"Mesagne",-0.858189853597074,-0.479036610298973,0.378563720294024,0.029675859871792,-0.0610908774669734,-0.0821798843632746,0.0919798832166033
"Oria",-0.858189853597074,0.853934827054691,0.222449525404981,-1.02546582445859,0.839950149212181,-0.654756415265625,-0.538451225276753
"Ostuni",0.604625643836806,-0.479036610298973,0.479152763392635,1.7179025548004,-0.940911735039555,-0.0474281295975262,0.878777762714218
"San Donaci",0.0926402197349483,-0.145793750960557,-0.946529274125006,-0.603409150726438,-0.247175437324625,0.602926138161502,0.384857327319818
"San Michele Salentino",-0.565626754110298,1.18717768639311,0.62185508586853,0.240704196737869,1.56306821953621,-0.202983603310881,0.248346654220862
"San Pancrazio Salentino",0.165780994606642,1.18717768639311,-0.639933870760441,-0.603409150726438,-0.0496646325634345,0.402689836892182,0.00262744264274183
"San Pietro Vernotico",-0.126782104880134,0.187449108377859,-0.238918885607314,-0.603409150726438,-0.0415030290609052,0.543351701420217,0.186296348266791
"San Vito dei Normanni",-0.638767528981992,0.187449108377859,-0.00474759327374791,0.029675859871792,0.358415542562995,0.111437035045899,-0.0619048755494911
"Torchiarolo",-0.492485979238604,1.18717768639311,0.589666592076975,-0.603409150726438,0.508589047009521,0.065101362024902,-0.277839940269656
"Torre Santa Susanna",-0.565626754110298,1.18717768639311,-0.189026720230402,-1.02546582445859,1.28720602115075,-0.53726238724809,-0.493775004989823
"Villa Castelli",-0.273063654623522,0.853934827054691,0.272878165678417,-1.02546582445859,1.33454332146541,-0.998964271993049,0.660360685755891
"Alessano",0.824047968451888,-0.145793750960557,0.0671400428607258,0.662760870470022,-0.679740422958641,0.566519537930714,-0.347336282938215
"Alezio",-0.931330628468768,0.520691967716275,2.10976821138318,0.240704196737869,-0.624241519141446,0.682358720483213,-0.225717683268236
"Alliste",-0.126782104880134,1.18717768639311,0.763484458551374,-0.392380813860361,1.22354551383103,-0.567049605618733,-0.987695440384223
"Andrano",0.385203319221724,1.18717768639311,-0.308124147259158,-1.02546582445859,-1.24452338533362,0.675739338623072,0.300468911222281
"Aradeo",-0.78504907872538,0.187449108377859,-0.794975115856433,1.08481754420218,0.100508871883092,0.574793765255895,-0.123955181503562
"Arnesano",-0.41934520436691,0.187449108377859,1.04996205329622,-0.603409150726438,-0.867457303516798,-0.214567521566132,0.767087211996892
"Bagnolo del Salento",-0.711908303853686,-0.145793750960557,0.16263257444234,-1.02546582445859,0.714261455273242,-0.302274331213024,-1.23341465196234
"Botrugno",-0.492485979238604,1.18717768639311,-0.114993184509825,0.029675859871792,-0.487126580298966,1.49985238021084,0.747231114091589
"Calimera",-0.346204429495216,0.187449108377859,0.387415556086702,0.451732533603945,-2.04925749068294,1.44358763439963,1.12946099876866
"Campi Salentina",-0.126782104880134,0.187449108377859,-0.194123231747399,0.029675859871792,-0.911529962430452,0.765100993734998,0.469245743417353
"Cannole",-0.638767528981992,-0.145793750960557,0.367834222363506,0.029675859871792,0.311078242248329,1.21356411475967,-0.990177452622387
"Caprarica di Lecce",-0.565626754110298,0.853934827054691,-0.209949241194913,0.451732533603945,-0.916426924531969,1.52632990765142,0.672770746946705
"Carmiano",-0.199922879751828,0.853934827054691,0.275292302712784,1.08481754420218,-0.464274090491886,0.0253850708640439,0.461799706702864
"Carpignano Salentino",-0.858189853597074,0.520691967716275,0.202599954233521,0.029675859871792,-0.103531215680123,1.05635379558128,-0.0867249979311196
"Casarano",-0.78504907872538,-0.812279469637389,-0.175614847817254,1.50687421793433,-0.0382383876598944,-0.525678468992841,1.11705093757785
"Castri di Lecce",-0.273063654623522,0.520691967716275,-0.301149973604321,0.029675859871792,0.449825501791315,-0.957593135367156,0.240900617506373
"Castrignano de' Greci",-1.58959760231401,0.853934827054691,-0.495890361043231,1.29584588106825,-0.207999740512489,0.134604871556399,-0.0122646307862339
"Castrignano del Capo",0.897188743323582,0.187449108377859,1.09314828246655,0.873789207336098,-0.762988778684432,0.971956676864459,-0.684889947328359
"Cavallino",-0.931330628468768,-1.81200804765264,1.46707128534512,0.873789207336098,-1.95784753145462,-1.26704923732883,1.54892106701818
"Collepasso",-0.931330628468768,-0.145793750960557,-0.421052112977864,0.451732533603945,-0.139442271091248,1.27810308789606,0.240900617506373
"Copertino",-0.273063654623522,0.187449108377859,-0.0728799051325401,-0.392380813860361,-0.0545615946649507,0.458954582703396,-0.161185365076004
"Corigliano d'Otranto",-1.00447140334046,-0.479036610298973,1.05881388908889,1.08481754420218,-1.1547457468058,0.0187656890039024,0.4394615965594
"Corsano",1.11661106793866,0.853934827054691,-1.20591488659529,0.873789207336098,-0.379393414065589,-0.674614560846054,-0.821400620427315
"Cursi",-0.858189853597074,0.520691967716275,-0.764396046754455,0.029675859871792,0.689776644765655,0.197488999227757,0.0547496996441613
"Cutrofiano",-0.858189853597074,0.187449108377859,0.394389729741539,0.662760870470022,-0.105163536380628,0.394415609567004,0.238418605268211
"Diso",0.385203319221724,1.52042054573152,0.619172711385901,0.451732533603945,-1.53181182862262,1.16226390534356,0.337699094794723
"Gagliano del Capo",1.18975184281036,-0.479036610298973,-0.962355283572521,0.240704196737869,0.249050055629113,-0.207948139705988,-1.42949361877721
"Galatina",-1.58959760231401,-1.14552232897581,0.499002334564094,1.08481754420218,-1.11557004999367,0.194179308297684,1.02769849700399
"Galatone",-0.711908303853686,-0.145793750960557,0.0805519152738739,0.662760870470022,-0.5540517290197,0.257063435969042,-0.0817609734547932
"Gallipoli",-0.0536413300084396,0.520691967716275,-0.655491642759693,0.873789207336098,-0.836443210207189,-0.312203404003236,-0.491292992751659
"Giuggianello",-0.346204429495216,-0.145793750960557,0.0859166642391331,-1.02546582445859,-0.441421600684806,1.10268946860228,0.253310678697188
"Giurdignano",-0.199922879751828,-0.145793750960557,1.83884838863759,-0.392380813860361,0.20824203811647,0.882595021752533,-0.20089756088661
"Guagnano",0.31206254435003,0.187449108377859,0.345838751605943,-0.814437487592514,-0.183514930004902,2.06911922018312,-0.980249403669734
"Lecce",-1.58959760231401,-1.14552232897581,1.69990139043737,2.13995922853256,-2.4965133626215,-0.0623217387828479,1.63330948311572
"Lequile",-0.711908303853686,-0.812279469637389,1.2275352440463,0.240704196737869,-0.635667764044986,-0.289035567492736,1.17661923129376
"Leverano",0.165780994606642,0.853934827054691,0.176849159200277,-0.181352476994285,0.559190988725198,0.723729857109105,-0.389530490986984
"Lizzanello",-0.638767528981992,0.520691967716275,0.935424662887932,-0.814437487592514,-0.304306661842325,-1.32000429220997,0.95075611762094
"Maglie",-0.638767528981992,-0.812279469637389,-0.218801076987591,2.13995922853256,-2.46060230721038,0.66084572943775,1.07733874176725
"Martano",-0.931330628468768,-0.479036610298973,-0.267352055123187,1.29584588106825,-0.384290376167106,0.56486469246568,0.253310678697188
"Martignano",-0.565626754110298,-0.145793750960557,8.06807949853897e-05,0.029675859871792,-1.34246262736396,0.26864735422429,0.449389645512051
"Matino",-1.29703450282724,0.187449108377859,-0.337898504016346,0.662760870470022,0.386164994471592,0.824675430476282,0.161476225885163
"Melendugno",-0.565626754110298,-0.145793750960557,1.86030738449862,1.29584588106825,-0.209632061212994,-0.765631061423017,-0.387048478748821
"Melissano",-0.492485979238604,0.520691967716275,-0.307855909810895,1.50687421793433,1.26272121064316,0.328221790965575,-0.394494515463308
"Melpignano",-0.931330628468768,0.520691967716275,1.06256921336458,1.92893089166648,-0.170456364400857,0.0419335255144022,0.811763432283823
"Miggiano",0.385203319221724,0.853934827054691,-1.13375901301255,0.240704196737869,-0.00559197364977963,0.551625928745395,-0.0246746919770491
"Minervino di Lecce",0.0194994448632544,-0.812279469637389,0.393048542500224,0.451732533603945,-0.382658055466601,2.15020664796987,-0.0321207286915378
"Monteroni di Lecce",-0.41934520436691,-0.145793750960557,0.413166351119946,0.029675859871792,0.258843979832146,-0.348610004234021,0.131692079027209
"Montesano Salentino",0.165780994606642,1.18717768639311,0.65806714138403,0.240704196737869,-0.7254454025728,-0.535607541783056,1.13690703548315
"Morciano di Leuca",0.750907193580194,1.18717768639311,-0.398788404772038,1.50687421793433,-0.423466072979243,2.18826809366569,-1.20859452958071
"Muro Leccese",-0.41934520436691,0.853934827054691,0.490686973667942,0.451732533603945,-0.76788574078595,-0.34530031330395,0.111835981121907
"Nardò",-0.126782104880134,-0.812279469637389,0.673624913383282,0.873789207336098,-0.350011641456486,-0.530643005387948,0.203670433933931
"Neviano",-0.638767528981992,1.18717768639311,-0.115797896854614,-0.181352476994285,0.258843979832146,0.68732325687832,-0.67744391061387
"Nociglia",-0.126782104880134,0.853934827054691,-1.13939199942608,-0.603409150726438,-0.283086492735752,-0.00109245657652662,-0.908271048763013
"Novoli",-0.199922879751828,0.853934827054691,0.871315912753085,0.451732533603945,-1.17270127451137,0.702216866063642,-0.0470128021205136
"Ortelle",0.0926402197349483,0.853934827054691,0.459034954772913,-0.603409150726438,-1.48284220760745,0.212382608413079,0.297986898984119
"Otranto",0.31206254435003,-1.14552232897581,1.52688823630776,2.13995922853256,-1.18575984011541,-0.704401779216695,0.427051535368585
"Palmariggi",-0.492485979238604,1.52042054573152,-0.77753968171934,-0.814437487592514,-0.697695950664204,2.06249983832298,0.943310080906453
"Parabita",-1.58959760231401,0.520691967716275,0.289777124918984,0.873789207336098,-0.808693758298592,0.07337558935008,0.660360685755891
"Patù",0.750907193580194,0.520691967716275,1.50462452810194,1.08481754420218,0.435134615486764,0.321602409105434,-0.858630803999757
"Poggiardo",0.0194994448632544,0.187449108377859,0.646801168556986,1.08481754420218,-1.25431730953665,0.0551722892346874,0.600792392039983
"Racale",-0.346204429495216,0.520691967716275,0.673624913383282,1.92893089166648,0.627748458146439,-0.404874750045235,-0.334926221747402
"Ruffano",-0.273063654623522,-0.145793750960557,0.0824295774117146,1.29584588106825,1.12234163039967,0.53838716502511,-0.118991157027235
"Salice Salentino",0.385203319221724,0.853934827054691,-0.809459938062633,-1.02546582445859,-0.185147250705409,0.952098531284032,-0.277839940269656
"Salve",0.458344094093418,0.520691967716275,1.05827741419237,1.50687421793433,-0.46264176979138,1.88543137356416,-1.03981769738564
"Sanarica",-0.346204429495216,0.853934827054691,1.26696614894095,-0.814437487592514,-0.57690421882678,1.82751178228791,0.866367701523405
"San Cesario di Lecce",-0.711908303853686,-0.145793750960557,-0.0943389009935771,0.873789207336098,-1.2396264232321,-0.307238867608129,1.36277014915597
"San Donato di Lecce",-0.565626754110298,1.18717768639311,0.182213908165536,-0.392380813860361,-0.243910795923614,0.119711262371079,0.846511603618103
"Sannicola",-0.638767528981992,0.187449108377859,1.43354160431225,0.451732533603945,-0.128016026187708,0.839569039661604,-0.548379274229404
"San Pietro in Lama",-0.711908303853686,0.853934827054691,0.111667459272377,-1.02546582445859,-0.266763285730695,1.53791382590667,0.829137517950963
"Santa Cesarea Terme",0.604625643836806,-1.81200804765264,0.300506622849502,1.08481754420218,-2.00518483176928,1.54287836230177,1.36277014915597
"Scorrano",-0.492485979238604,0.853934827054691,0.0502410836201592,-0.603409150726438,0.0923472683805636,-0.217877212496203,-0.0420487776441889
"Seclì",-0.565626754110298,-0.145793750960557,0.802647125997766,1.29584588106825,-0.614447594938411,-0.788798897933517,-0.612911592421637
"Sogliano Cavour",-1.15075295308385,0.853934827054691,0.428724123119198,0.029675859871792,-0.816855361801121,0.293470036199827,1.15428112115029
"Soleto",-1.07761217821216,-0.479036610298973,0.472983302082587,0.662760870470022,-0.967028866247647,-0.102038029943704,0.583418306372843
"Specchia",0.750907193580194,-1.81200804765264,-0.196269131333503,0.451732533603945,-0.328791472349911,0.0336592981892219,0.414641474177771
"Spongano",0.31206254435003,0.520691967716275,-0.287738101191172,-0.603409150726438,-1.1531134261053,0.885904712682604,0.757159163044241
"Squinzano",-0.199922879751828,0.853934827054691,0.243103808921229,0.029675859871792,0.0433776473653914,0.516874173979644,-0.426760674559426
"Sternatia",-0.638767528981992,-1.47876518831422,-0.499645685318912,-0.181352476994285,-2.39041251708863,2.32065573086855,0.461799706702864
"Supersano",-0.273063654623522,-0.479036610298973,-0.532370654006993,-0.181352476994285,1.29699994535378,0.685668411413286,0.29054086226963
"Surano",0.0194994448632544,-1.47876518831422,-0.284251014363754,1.92893089166648,-0.676475781557629,0.321602409105434,1.29327380648741
"Surbo",-0.638767528981992,-2.14525090699105,-0.0127947167216368,-0.814437487592514,0.0629654957714607,-1.44411770208765,0.953238129859104
"Taurisano",0.0194994448632544,0.187449108377859,-1.8901886171141,0.662760870470022,1.00807918136427,-0.399910213650128,-0.58064543332552
"Taviano",-0.711908303853686,-0.145793750960557,-0.603721815244941,1.7179025548004,-0.180250288603891,0.794888212105641,-0.267911891317005
"Tiggiano",0.970329518195276,0.520691967716275,-0.422125062770916,1.50687421793433,-0.467538731892897,-0.985725508272763,0.481655804608166
"Trepuzzi",-0.273063654623522,-0.812279469637389,0.427382935877883,-0.392380813860361,-0.283086492735752,0.157772708066899,0.335217082556561
"Tricase",0.750907193580194,0.187449108377859,0.431942972498354,1.29584588106825,-1.55792895983072,-0.542226923643197,0.911043921810336
"Tuglie",-1.00447140334046,-0.479036610298973,0.782797554826307,1.29584588106825,-0.443053921385312,0.58803252897618,0.230972568553722
"Ugento",-0.126782104880134,-1.14552232897581,1.33053842417927,1.29584588106825,0.52817689541559,-0.396600522720057,-1.0422997096238
"Uggiano la Chiesa",0.31206254435003,0.187449108377859,1.04808439115838,0.451732533603945,0.382900353070581,0.784959139315427,-0.354782319652704
"Veglie",0.531484868965112,0.187449108377859,-0.470139566009986,0.029675859871792,0.941154032643535,0.162737244462006,-0.714674094186314
"Vernole",-0.199922879751828,-0.145793750960557,-0.301954685949109,-0.603409150726438,-0.23411687172058,0.415928600612467,0.131692079027209
"Zollino",-0.858189853597074,1.85366340506994,0.0708953671364073,0.873789207336098,-1.03068937356737,-0.239390203541666,0.149066164694349
"San Cassiano",-0.273063654623522,-0.145793750960557,0.457157292635072,0.240704196737869,-1.31634549615587,0.326566945500541,1.17165520681743
"Castro",0.458344094093418,-0.145793750960557,0.586447742697819,0.240704196737869,-1.37347672067357,-0.12686071191924,-0.317552136080262
"Porto Cesareo",0.6777664187085,-1.81200804765264,3.38416432808051,1.92893089166648,0.443296218989292,-0.974141590017512,-1.05222775857646
"Presicce-Acquarica",0.238921769478336,0.520691967716275,-0.83279659606151,1.50687421793433,0.453090143192327,1.49819753474581,-1.33269514148886
"Andria",-1.58959760231401,0.187449108377859,-0.103458974234518,0.873789207336098,2.0446028261854,-1.37461419255615,-0.357264331890866
"Barletta",-1.58959760231401,-0.479036610298973,0.289240650022458,0.873789207336098,0.660394872156552,-1.03702571768887,-0.235645732220888
"Bisceglie",-0.638767528981992,-0.145793750960557,0.454206680704179,0.240704196737869,0.378003390969064,-0.912912307811193,0.575972269658354
"Canosa di Puglia",-0.346204429495216,0.853934827054691,-1.02887817074174,-0.814437487592514,1.03909327467388,-0.942699526181835,-1.25327074986765
"Margherita di Savoia",-0.346204429495216,-0.145793750960557,-0.675609451379415,-0.603409150726438,0.404120522177155,-0.250974121796917,-1.20114849286623
"Minervino Murge",0.531484868965112,0.187449108377859,-1.50982791547723,-0.814437487592514,0.952580277547076,0.167701780857113,-0.617875616897964
"San Ferdinando di Puglia",-0.41934520436691,-0.479036610298973,-1.08735393446306,-1.02546582445859,1.78179919340398,-1.08832592710498,-0.883450926381386
"Spinazzola",1.55545571716883,0.187449108377859,-1.23756690549032,-0.814437487592514,-0.144339233192766,-0.0871444207583819,-0.0792789612166309
"Trani",-1.58959760231401,-0.145793750960557,0.60012785255923,0.873789207336098,0.289858073141755,-1.25050078267847,-0.632767690326939
"Trinitapoli",-0.0536413300084396,0.520691967716275,-0.423466250012231,-0.603409150726438,2.15396831311928,-0.163267312150025,-1.71492502616593
